{
    "rmse": 0.7906439102270028,
    "mae": 0.6502562660438186,
    "r2": 0.0391562680218428
}